Id;FirstName;LastName;Email;Password;AddressId
1;"Mariam";"Martirosyan";"mariam@example.com";"pass";1
2;"Jane";"Smith";"janesmith@example.com";"pass";3
3;"Michael";"Johnson";"michaelj@example.com";"pass";2
4;"Emily";"Davis";"emilydavis@example.com";"pass";5
5;"William";"Brown";"williamb@example.com";"pass";8
6;"Olivia";"Jones";"oliviajones@example.com";"pass";7
7;"Noah";"Miller";"noahm@example.com";"pass";8
8;"Ava";"Wilson";"avawilson@example.com";"pass";4
9;"Ethan";"Taylor";"ethant@example.com";"pass";10
10;"Sophia";"Anderson";"sophiaa@example.com";"pass";9